<?xml version="1.0" encoding="utf-8"?>
<SoundBanksInfo Platform="Windows" SchemaVersion="9">
	<RootPaths>
		<ProjectRoot>I:\INF4715\SVN\trunk\Vicuna\Assets\Wwise\Vicuna\</ProjectRoot>
		<SourceFilesRoot>I:\INF4715\SVN\trunk\Vicuna\Assets\Wwise\Vicuna\.cache\Windows\</SourceFilesRoot>
		<SoundBanksRoot>I:\INF4715\SVN\trunk\Vicuna\Assets\Wwise\Vicuna\GeneratedSoundBanks\Windows\</SoundBanksRoot>
		<ExternalSourcesInputFile></ExternalSourcesInputFile>
		<ExternalSourcesOutputRoot>I:\INF4715\SVN\trunk\Vicuna\Assets\Wwise\Vicuna\GeneratedSoundBanks\Windows</ExternalSourcesOutputRoot>
	</RootPaths>
	<DialogueEvents />
	<StreamedFiles />
	<SoundBanks>
		<SoundBank Id="523689745" Language="SFX">
			<ShortName>Vicuna</ShortName>
			<Path>Vicuna.bnk</Path>
			<IncludedEvents>
				<Event Id="1256202815" Name="Play" />
			</IncludedEvents>
			<IncludedDialogueEvents />
			<ReferencedStreamedFiles />
			<IncludedFullFiles>
				<File Id="442812448" Language="SFX">
					<ShortName>Collision.wav</ShortName>
					<Path>sfx\collision_16119352.wem</Path>
				</File>
				<File Id="32219106" Language="SFX">
					<ShortName>Menu.wav</ShortName>
					<Path>sfx\menu_cee1e577.wem</Path>
				</File>
			</IncludedFullFiles>
			<IncludedPrefetchFiles />
			<ExternalSources />
		</SoundBank>
		<SoundBank Id="1355168291" Language="SFX">
			<ShortName>Init</ShortName>
			<Path>Init.bnk</Path>
			<IncludedEvents />
			<IncludedDialogueEvents />
			<ReferencedStreamedFiles />
			<IncludedFullFiles />
			<IncludedPrefetchFiles />
			<ExternalSources />
		</SoundBank>
	</SoundBanks>
</SoundBanksInfo>
